smarthome_id	VendorName	Vendor Websites	Policy Link On Website
1	1home	https://www.1home.io/	https://www.1home.io/legal/privacy-policy/#page-2
2	2gig	https://www.2gig.com/	None
3	foscam	https://www.foscam.com/	https://www.foscam.com/company/Privacy-Notice.html
4	goabode	https://goabode.com/	https://help.goabode.com/hc/en-us/articles/360000569911-abode-Privacy-Policy
5	accentronix	https://www.accentronix.co.za/	https://www.accentronix.co.za/privacy-policy/
6	adssecurity	https://adssecurity.com/home-automation/	https://adssecurity.com/legal#privacy-policy
7	adt	https://www.adt.com/	https://www.adt.com/about-adt/legal/privacy-policy
8	adurosmart	https://adurosmart.com/	https://adurosmart.com/privacy-policy/
9	aeg	https://www.aeg.com/	https://www.aeg.co.uk/overlays/data-privacy-statement/
10	aegool	https://www.aegool.com/	None
11	aeotec	https://aeotec.com/	https://aeotec.com/legal
12	aeotron	https://aeotron.com/	https://aeotron.com/privacy/
13	ai-sync	https://www.ai-sync.com/	https://aisync.apps.exosite.io/#/legal
14	airlive	https://www.airlive.com/	https://cloud.airlive.com/#/privacy
15	airly	https://airly.eu/	https://airly.eu/docs/pp-en.pdf
16	airpatrol	https://www.airpatrol.eu/	https://www.airpatrol.eu/privacy-policy/
17	airthings	https://www.airthings.com/en/	https://www.airthings.com/en/privacy-notice
18	airzoneusa	http://www.airzoneusa.com/	http://www.airzoneusa.com/privacy-policy/
19	alarmgrid	https://www.alarmgrid.com/	None
20	alarm	https://www.alarm.com/	https://www.alarm.com/legal/privacy
21	alcwireless	https://www.alcwireless.com/	None
22	alcidae	https://www.alcidae.com/	https://www.alcidae.com/pages/privacy-statement
23	alert360	https://www.alert360.com/smart-home-automation/	https://www.alert360.com/privacy-cookie-policy/
24	alfawise	https://www.alfawise.com/	https://www.alfawise.com/pages/privacy-policy
25	alfred	https://alfred.camera/	https://alfred.camera/forum/t/privacy-policy-alfred-labs-inc/1311
26	alistetechnologies	https://www.alistetechnologies.com/	None
27	securifi	https://www.securifi.com/almond	https://www.securifi.com/privacy-policy
28	alteclansing	http://alteclansing.com/	None
29	alula	https://alula.com/	None
30	szamake	http://szamake.com/	None
31	amazon	https://www.amazon.com/	https://www.amazon.com/gp/help/customer/display.html?ie=UTF8&nodeId=468496&ref_=footer_privacy
32	ambiclimate	https://www.ambiclimate.com/en/	http://static.ambiclimate.com/mobile_app-privacy_policy/
33	amikohome	https://www.amikohome.com/	https://www.iubenda.com/privacy-policy/8131574/full-legal
34	smog	http://smog.ampio.pl/	None
35	anekentech	https://www.anekentech.com/	None
36	meetangee	https://www.meetangee.com/	https://www.meetangee.com/legal/
37	angelcam	https://www.angelcam.com/	https://www.angelcam.com/privacy/
38	ankeesmart	http://www.ankeesmart.com/	http://www.ankeesmart.com/privacy-policy.html
39	ankuoo	https://www.ankuoo.com/	https://www.ankuoo.com/privacy/
40	annke	https://www.annke.com/	https://www.annke.com/pages/privacy-policy
41	anoopsyche	https://www.anoopsyche.com/	None
42	antarsmarthomes	https://www.antarsmarthomes.com/	https://www.antarsmarthomes.com/privacy-policy.php
43	anyware	https://anyware.solutions/	None
44	apilio	https://apilio.com/	https://apilio.com/privacy-policy/
45	myappkettle	https://www.myappkettle.com/	https://www.myappkettle.com/copy-of-legal-compliance
46	aprilaire	https://www.aprilaire.com/	https://www.aprilaire.com/aprilaire-privacy-policy
47	aqara	https://www.aqara.com/us/home.html	https://www.aqara.com/us/privacy.html
48	aquanta	https://aquanta.io/	https://aquanta.io/privacy-policy
49	arest	https://arest.io/	None
50	arlo	https://www.arlo.com/en-us/default.aspx	https://www.arlo.com/en-us/about/privacy-policy/?cid=a
51	arnoo	http://www.arnoo.com/	None
52	arraylock	https://www.arraylock.com/	https://hamptonproducts.com/home/privacy
53	asakuki	http://www.asakuki.com/	None
54	atlantic-comfort	https://www.atlantic-comfort.com/	None
55	atmoph	https://atmoph.com/en/	https://atmoph.myshopify.com/policies/privacy-policy
56	atom8	https://www.atom8.tech/	None
57	august	https://august.com/	https://august.com/pages/privacy-policy
58	auraconnect	https://auraconnect.imi-hydronic.com/de/	http://auraconnect.imi-hydronic.com/de/datenschutzerklaerung/
59	auroralighting	https://auroralighting.com/gb/aone	https://auroralighting.com/gb/privacy-policy
60	automatic	https://automatic.com/	https://automatic.com/legal
61	avi-on	https://avi-on.com/	https://avi-on.com/privacy-policy/
62	avidsen	https://www.avidsen.com/	None
63	getawair	https://getawair.com/	https://getawair.com/pages/legal
64	ayllo	https://www.ayllo.com/	None
65	kyla	http://kyla.aztech.com/	http://kyla.aztech.com/privacy.html
66	bardi	https://bardi.co.id/	None
67	bayithomeautomation	http://www.bayithomeautomation.com/	None
68	bazzsmarthome	https://www.bazzsmarthome.com/	https://www.bazzsmarthome.com/pages/privacy-policy-of-bazz-smart-home-platform
69	belkin	https://www.belkin.com/us/	https://www.belkin.com/us/privacypolicy/
70	besense-iot	http://besense-iot.com/	None
71	beseye	https://www.beseye.com/us/home	None
72	smarthome	https://smarthome.bkav.com/	None
73	blastbot	https://blastbot.io/en/	https://blastbot.io/es/politicas-de-privacidad
74	blebox	https://blebox.eu/?lang=en	None
75	blinkforhome	https://blinkforhome.com/	https://blinkforhome.co.uk/pages/privacy-policy
76	blitzwolf	https://www.blitzwolf.com/	https://www.blitzwolf.com/Privacy-Policy-a-25.html
77	bloomsky	http://www.bloomsky.com/	http://www.bloomsky.com/legal/privacy/
78	bluelux	https://www.bluelux.com.br/	https://www.bluelux.com.br/politica-de-privacidade/
79	bluesound	https://www.bluesound.com/	https://www.bluesound.com/privacy-policy/
80	bobsweep	https://www.bobsweep.com/	https://www.bobsweep.com/privacy-policy
81	bocco	https://www.bocco.me/en/	None
82	bondhome	https://bondhome.io/	https://bondhome.io/privacy-policy/
83	bosch	https://www.bosch.com/	https://www.bosch.com/data-protection-notice/?prevent-auto-open-privacy-settings=1
84	bosmasmarthome	https://www.bosmasmarthome.com/	https://www.bosmasmarthome.com/privacy-policy/
85	bouncie	https://www.bouncie.com/	https://www.bouncie.com/terms-of-use
86	braumm	http://www.braumm.com/	http://www.braumm.com/privacy/
87	brilia	https://brilia.com/	None
88	bebrilli	https://www.bebrilli.com/	https://www.bebrilli.com/pages/privacy-policy
89	brilliant	https://www.brilliant.tech/	https://www.brilliant.tech/pages/privacy-statement-for-brilliant-products-and-services|https://www.brilliant.tech/pages/privacy-policy-for-brilliant-web-sites
90	brilong	https://www.brilong.com/	None
91	ibroadlink	http://www.ibroadlink.com/	http://www.ibroadlink.com/privacy
92	buildtrack	https://www.buildtrack.in/	https://www.buildtrack.in/privacy-policy
93	caavo	https://caavo.com/	https://caavo.com/pages/privacy
94	calex	https://www.calex.nl/en/	https://www.calex.nl/privacy-statement/
95	canary	https://canary.is/	https://canary.is/legal/privacy-policy/
96	carbontrack	https://carbontrack.com.au/	https://carbontrack.com.au/legal/privacy-policy/
97	carrier	https://www.carrier.com/carrier/en/worldwide/?location=us	https://www.carrier.com/carrier/en/worldwide/legal/privacy-notice/
98	carrohome	https://carrohome.com/	None
99	centralite	https://centralite.com/	None
100	chacon	https://chacon.com/en/	https://chacon.com/fr/content/13-respect-de-la-vie-privee
101	champontech	http://www.champontech.com/	None
102	choetech	http://www.choetech.com/	https://www.choetech.com/about/privacy_policy.html
103	clova	https://clova.ai/ko	None
104	cnctlife	https://cnctlife.com/	https://cnctlife.com/privacy
105	cnsunwaylighting	http://www.cnsunwaylighting.com/	None
106	cocoonproducts	https://cocoonproducts.com.au/	https://cocoonproducts.com.au/information/#tab3
107	cogcons	https://www.cogcons.com/	None
108	collingwoodlighting	https://www.collingwoodlighting.com/	https://www.collingwoodlighting.com/privacy-policy-cookie-restriction-mode
109	comfortclick	https://www.comfortclick.com/	https://www.comfortclick.com/Files/Legal/Privacy.html
110	commax	https://www.commax.com/eng/	None
111	conico	https://www.conico.com/	None
112	ultrha	https://ultrha.com/configurator	https://ultrha.com/privacy
113	connectiviot	https://www.connectiviot.com/	None
114	iot	https://iot.connectsense.com/	None
115	control4	https://www.control4.com/	https://www.snapav.com/shop/en/snapav/legal
116	controlicz	https://www.controlicz.com/	https://www.controlicz.com/#privacy
117	coolmasternet	http://www.coolmasternet.co.uk/	None
118	coolqiya	https://www.coolqiya.com/	None
119	coolremote	https://coolremote.net/	None
120	coowootech	http://www.coowootech.com/	None
121	coqon	https://shop.mein-coqon.de/	https://shop.mein-coqon.de/datenschutz
122	coredy	https://shop.coredy.com/	https://shop.coredy.com/pages/privacy-policy
123	cosesy	http://www.cosesy.com/	None
124	covesmart	https://www.covesmart.com/	https://www.covesmart.com/privacy-policy
125	crescent-ventures	https://www.crescent-ventures.com/	https://www.crescent-ventures.com/legal/
126	cuby	http://cuby.mx/	None
127	curv360	https://www.curv360.com/	https://www.curv360.com/wp-content/themes/curv360/assets/pdf/privacypolicy.pdf
128	daisy	http://daisy.si/	None
129	dalslighting	http://www.dalslighting.com/en	None
130	intl	https://intl.danale.com/	None
131	danalock	https://danalock.com/	https://danalock.com/legal/privacy-policy/
132	danfoss	https://www.danfoss.com/en-us/	https://www.danfoss.com/en/terms/privacy/
133	deako	https://www.deako.com/	https://www.deako.com/legal/
134	definics	https://www.definics.com/	None
135	depstech	https://www.depstech.com/	https://www.depstech.com/privacy-policy
136	devolo	https://www.devolo.com/	https://www.devolo.com/support/data-privacy
137	dewenwils	http://www.dewenwils.com/	None
138	digitalstrom	https://www.digitalstrom.com/en/	None
139	dolamee	http://www.dolamee.com/	https://www.doorbird.com/privacy-policy
140	dovado	https://www.dovado.com/	None
141	dune-hd	https://www.dune-hd.com/	None
142	duuxstore	https://www.duuxstore.com/	https://duuxstore.com/en/privacy-statement/
143	dwelo	https://www.dwelo.com/	https://www.dwelo.com/privacy-policy
144	dyson	https://www.dyson.com/en.html	https://privacy.dyson.com/en/homepage.aspx
145	eastech	https://www.eastech.com/	https://eastech.com/privacy-policy
146	eaton	https://www.eaton.com/us/en-us.html	https://www.eaton.com/us/en-us/company/policies-and-statements/privacy-cookies-and-data-protection.html
147	eco4lifehome	https://eco4lifehome.com/	https://eco4lifehome.com/pages/privacy-policy-1
148	ecobee	https://www.ecobee.com/	https://www.ecobee.com/legal/use/
149	discoverecolink	https://discoverecolink.com/	https://discoverecolink.com/privacy-policy/
150	econetcontrols	https://www.econetcontrols.com/	None
151	ecovacs	http://www.ecovacs.com/us/home/	http://www.ecovacs.com/us/privacy-policy/
152	edensmarthomes	https://edensmarthomes.com/	None
153	edimax	https://www.edimax.com/edimax/global/	None
154	ednet-europe	https://www.ednet-europe.eu/	https://www.ednet-europe.eu/en/footer/data-protection/
155	eecoonline	https://eecoonline.com/	https://eecoonline.com/privacy-policy/
156	eedomus	https://www.eedomus.com/en/	None
157	eeekit	https://eeekit.com/	https://eeekit.com/privacy-and-policy/
158	eero	https://eero.com/	https://eero.com/legal/privacy
159	efergy	https://efergy.com/	https://efergy.com/privacy-policy/
160	egardia	https://www.egardia.com/en	https://www.egardia.com/en/privacy-statement
161	wmyeglu	http://wwww.myeglu.com/	None
162	ekz	https://www.ekz.ch/de/private.html	https://www.elinksmart.net/privacy-policy/
163	elepowstar	http://elepowstar.com/	None
164	elzoneta	https://www.elzoneta.com/	https://www.systemalarm.net/privacy-policy.html
165	emyloworld	http://www.emyloworld.com/	https://www.enocean.com/en/privacy-policy/
166	epickatech	https://www.epickatech.com/	None
167	equeshome	https://equeshome.com/	https://equeshome.com/pages/privacy-policy
168	essence-grp	https://www.essence-grp.com/	https://www.essence-grp.com/page/privacy
169	estevez	http://www.estevez.com.mx/	http://www.estevez.com.mx/aviso-de-privacidad
170	eufylife	https://www.eufylife.com/	https://www.eufylife.com/privacy-policy
171	evapolar	https://evapolar.com/all-products/	https://evapolar.com/privacy-policy
172	myeverlights	https://myeverlights.com/	https://myeverlights.com/privacy-policy/
173	theevohomeshop	https://theevohomeshop.co.uk/	https://theevohomeshop.co.uk/content/2-privacy-policy
174	ewelink	http://www.ewelink.cc/	None
175	iexpower	http://www.iexpower.com/	None
176	eye4smart	http://www.eye4smart.com/	None
177	ezvizlife	https://www.ezvizlife.com/us	https://www.ezvizlife.com/us/legal/privacy-policy
178	fanimation	https://www.fanimation.com/	https://www.fanimation.com/privacy-policy/
179	fbsmarthome	https://www.fbsmarthome.site/	https://www.fbsmarthome.site/
180	feicanled	http://www.feicanled.com/	http://www.feicanled.com/privacy.html
181	fibaro	https://www.fibaro.com/en/	https://www.fibaro.com/en/privacy-policy/
182	fing	https://www.fing.com/	https://www.fing.com/fing-privacy-policy
183	fireboard	https://www.fireboard.com/	https://www.fireboard.com/privacy
184	firefly-home	https://firefly-home.io/	https://firefly-home.io/privacy
185	firstalert	https://www.firstalert.com/	https://www.firstalert.com/legal-privacy/
186	fitbit	https://www.fitbit.com/us/home	https://www.fitbit.com/us/legal/privacy-policy
187	flair	https://flair.co/	https://s3.amazonaws.com/assets2.flair.co/Public+Documents/FLAIR+PRIVACY+POLICY.pdf
188	flic	https://flic.io/	https://flic.io/privacy-policy
189	floureon	https://www.floureon.com/	https://www.floureon.com/pages/privacy-policy
190	fluxsmartlighting	https://www.fluxsmartlighting.com/	https://www.fluxsmartlighting.com/pages/privacy-policy
191	foobot	https://foobot.io/	https://foobot.io/privacy/
192	forgu	http://www.forgu.de/	http://www.forgu.de/datenschutz.html
193	forrinx	http://www.forrinx.com/	None
194	fortrezz	https://www.fortrezz.com/	None
195	freedompro	https://freedompro.eu/	https://freedompro.eu/privacy-policy/
196	friedrich	https://www.friedrich.com/	https://www.friedrich.com/privacy-policy
197	frigidaire	https://www.frigidaire.com/	https://www.frigidaire.com/Privacy-Policy/
198	fudasea	http://www.fudasea.com/	None
199	shopus	https://shopus.furbo.com/	https://shopus.furbo.com/pages/privacy-policy
200	futurehome	https://futurehome.no/	https://support.futurehome.no/hc/no/articles/360001096146-Personvernerkl%C3%A6ring
201	garadget	https://www.garadget.com/	https://www.garadget.com/about/privacy-policy/
202	garador	https://www.garador.co.uk/	https://www.garador.co.uk/privacy.aspx
203	garageio	https://garageio.com/	https://garageio.com/legal
204	gardena	https://www.gardena.com/ca-en/	https://www.gardena.com/ca-en/privacy-cookies/
205	garzasmarthome	http://www.garzasmarthome.com/	https://rule.alibaba.com/rule/detail/2034.htm
206	geappliances	https://www.geappliances.com/	https://www.geappliances.com/privacy/privacy_policy.htm|https://www.geappliances.com/privacy/california_privacy_notice.htm
207	geeklink	https://geeklink.en.alibaba.com/	https://rule.alibaba.com/rule/detail/2034.htm?spm=a2700.icbuShop.0.0.3502c501C66G26
208	geosmartpro	https://www.geosmartpro.com/	https://www.geosmartpro.com/privacy-and-cookies-policy
209	gidbo	https://gidbo.com/	https://gidbo.com/pages/privacy
210	gira	https://www.gira.com/en/land.html	https://www.gira.com/en/impressum/datenschutz.html
211	gosmarthomeplus	https://www.gosmarthomeplus.com/	None
212	gocontrol	https://www.gocontrol.com/	https://www.nortekcontrol.com/legal/privacy-policy/
213	gogogate	https://www.gogogate.com/	https://www.gogogate.com/privacy/
214	gosund	https://www.gosund.store/	https://www.gosund.store/pages/privacy-policy
215	govee	https://www.govee.com/	https://www.govee.com/privacy?language=EN
216	greendot	https://greendot.tech/	None
217	greenliteusa	http://www.greenliteusa.com/	None
218	gogriddy	https://www.gogriddy.com/	https://www.gogriddy.com/privacy-policy/
219	grouplotse	https://grouplotse.com/	https://grouplotse.com/datenschutz/
220	growatt-america	https://www.growatt-america.com/	None
221	szguanke	https://www.szguanke.com/	None
222	gynoid	http://www.gynoid.life/	None
223	myharmony	https://support.myharmony.com/en-us/	https://www.logitech.com/en-us/legal/web-privacy-policy.html
224	home-assistant	https://www.home-assistant.io/hassio/	https://www.home-assistant.io/privacy/
225	haverland	https://haverland.com/	https://haverland.com/avisolegal/
226	hdlautomation	http://www.hdlautomation.com/	None
227	heatmiser	https://www.heatmiser.com/en/	https://www.heatmiser.com/en/privacy-policy/
228	heatzy	https://heatzy.com/	None
229	helea	https://www.helea.in/	https://www.helea.in/privacy-policy
230	hitechsmarthomes	https://hitechsmarthomes.com/	https://www.hihome.eu/en/service/privacy-policy/
231	hihome	https://www.hihome.eu/en/	https://www.hihome.eu/en/service/privacy-policy/|https://www.hihome.eu/en/service/privacy-policy-hihome-smart-app/
232	hikvision	http://www.hikvision.com/	https://us.hikvision.com/en/support-resources/privacy-policy
233	hiposmart	https://www.hiposmart.com/	https://www.hiposmart.com/privacy-policy
234	hombli	https://www.hombli.com/	https://www.hombli.com/privacy/
235	home8alarm	https://www.home8alarm.com/	https://www.home8alarm.com/privacy
236	hom	https://hom.ee/	https://hom.ee/privacy
237	apple	https://www.apple.com/ios/home/	https://www.apple.com/privacy/
238	homematic-ip	https://www.homematic-ip.com/en/smart-home.html	https://www.homematic-ip.com/kontakt/datenschutz.html|https://www.homematic-ip.com/kontakt/datenschutz/datenschut-homematic-ip-smartphone-app.html
239	homemaxs	http://homemaxs.com/	None
240	homeseer	https://homeseer.com/	https://homeseer.com/privacy-policy/
241	homewizard	https://www.homewizard.com/	https://www.homewizard.com/privacy
242	homey	https://homey.app/en-us/	https://legal.athom.com/?document=privacy-policy&language=en
243	homismart	https://www.homismart.com/	None
244	honeywellhome	https://www.honeywellhome.com/	https://www.resideo.com/privacy
245	howz	https://howz.com/	https://howz.com/pages/howz-privacy-policy
246	hubbleconnected	https://hubbleconnected.com/	https://hubbleconnected.com/privacy
247	hubitat	https://hubitat.com/	https://hubitat.com/pages/privacy-policy
248	www2	https://www2.meethue.com/en-us	https://www2.meethue.com/en-us/support/privacy-policy
249	hydrawise	https://www.hydrawise.com/	http://www.hunterindustries.com/privacy-policy
250	hyperionsilverlake	https://www.hyperionsilverlake.com/smart-home	None
251	iaqualink	https://www.iaqualink.com/en	https://www.fluidrausa.com/en/legal
252	idevicesinc	https://idevicesinc.com/	https://idevicesinc.com/privacy/
253	ifbappliances	https://www.ifbappliances.com/	https://www.ifbappliances.com/privacy-policy/
254	ifttt	https://ifttt.com/	https://ifttt.com/terms
255	ihaper	https://www.ihaper.com/	None
256	ihas	https://ihas.com.au/	https://ihas.com.au/privacy-policy-1
257	ihomeaudio	https://www.ihomeaudio.com/	https://www.ihomeaudio.com/privacy_policy/
258	ikea	https://www.ikea.com/	https://about.ikea.com/en/IKEA-policies/IKEA-Gateway-cookie-statement
259	ilevia	http://www.ilevia.com/	http://www.ilevia.com/privacy-policy/
260	ilumi	https://ilumi.co/	https://ilumi.co/pages/privacy
261	imoulife	https://www.imoulife.com/	https://www.imoulife.com/product/detail/Ranger2
262	imperihome	https://imperihome.com/	https://imperihome.com/privacy/
263	iam	https://iam.innogy.com/ueber-innogy	https://www.innogy.com/web/cms/de/3068482/home/datenschutz/
264	insteon	https://www.insteon.com/	https://www.insteon.com/privacy
265	intesishome	https://www.intesishome.com/	https://www.intesis.com/down/intesis/privacy_policy.pdf
266	iobroker	https://www.iobroker.net/	https://www.iobroker.net/#en/privacy
267	iotiq	http://iotiq.co.in/	http://iotiq.co.in/privacypolicy.html
268	iottysmarthome	https://iottysmarthome.com/	https://iottysmarthome.com/policies/privacy-policy
269	irisbylowes	https://www.irisbylowes.com/	https://www.irisbylowes.com/privacy-statement/
270	irobot	https://www.irobot.com/	https://www.irobot.com/legal/privacy-policy
271	ismartalarm	https://www.ismartalarm.com/	https://www.ismartalarm.com/info/privacyinfo
272	ithingshop	https://ithingshop.com/smart-home/	https://ithingshop.com/privacy-policy/
273	ivideon	https://www.ivideon.com/	None
274	iviewus	http://www.iviewus.com/index.php/smart-devices-smart-bulbs-sockets-robot-vacuums-wears-accessories-mini-pc/home.html	http://www.iviewus.com/index.php/privacy-policy-cookie-restriction-mode-eng
275	izone	https://izone.com.au/	https://izone.com.au/legal/
276	byjasco	https://byjasco.com/	https://byjasco.com/privacy-policy/
277	jellyfishtur	http://www.jellyfishtur.com/	None
278	jinvoo-smart	https://jinvoo-smart.soft112.com/	https://www.soft112.com/policy.html
279	joeaispro	https://joeaispro.com/	None
280	nbkafo	http://www.nbkafo.com/	None
281	kaiterra	https://www.kaiterra.com/en/index/	https://support.kaiterra.com/privacy-policy-for-kaiterra-web-sites-global
282	kasiahome	http://www.kasiahome.com/	http://www.kasiahome.com/legal
283	kenmore	https://www.kenmore.com/	https://www.kenmore.com/privacy-policy/
284	ketra	https://www.ketra.com/	http://www.lutron.com/en-US/Pages/PrivacyNotice.aspx#start/home?Key=LutronPrivacyPolicy&p=2
285	thekeywe	http://thekeywe.com/	None
286	kitchenhoney	https://kitchenhoney.automationhome.net/	https://www.automationhome.net/privacy-policy.html
287	kiwi-smartek	http://www.kiwi-smartek.com/	None
288	kkmoon	https://www.kkmoon.com/	https://www.kkmoon.com/privacy-policy.html
289	klearusa	https://www.klearusa.com/products/klear-smart-plug	None
290	klikaanklikuit	https://www.klikaanklikuit.nl/	https://www.klikaanklikuit.nl/nl/privacy/
291	knocki	https://knocki.com/	https://knocki.com/pages/privacy-policy
292	kohler	https://www.us.kohler.com/us/	https://www.us.kohler.com/us/Privacy-Policy/content/privacypolicyen.htm
293	konnected	https://konnected.io/	https://konnected.io/pages/privacy-policy
294	koogeek	https://www.koogeek.com/	https://www.koogeek.com/privacy-policy.html
295	kronaby	https://us.kronaby.com/	https://us.kronaby.com/content/index.php?id_cms=11&controller=cms
296	kuled	https://kuled.com/	https://kuled.com/policy/
297	getkuna	https://getkuna.com/	https://getkuna.com/privacy-policy
298	kwikset	https://www.kwikset.com/	https://www.kwikset.com/privacy
299	lametric	https://lametric.com/	https://master-7rqtwti-crigt5kj6xmee.eu-2.platformsh.site/legal/privacy-policy
300	larkkey	https://www.larkkey.com/	https://www.larkkey.com/privacy.html
301	larnitech	https://www.larnitech.com/	None
302	lasco	https://www.lasco.com.ph/product/smart-bulb/	None
303	lepro	https://www.lepro.com/	https://www.lepro.com/privacy
304	leadleds	http://www.leadleds.com/	http://www.leadleds.com/privacy-policy.html
305	leaksmart	https://leaksmart.com/	https://leaksmart.com/privacy-policy/
306	lennox	https://www.lennox.com/	https://www.lennoxinternational.com/home/Home/privacy.html
307	leviton	https://www.leviton.com/en	https://www.leviton.com/en/privacy-policy
308	levoit	https://www.levoit.com/	https://www.levoit.com/privacy-policy
309	lg	https://www.lg.com/us	https://www.lg.com/us/privacy
310	life360	https://www.life360.com/	https://www.life360.com/privacy_policy/
311	deltadore	https://www.deltadore.co.uk	https://www.deltadore.co.uk/website-application-terms-and-conditions-of-use
312	lifeshield	https://www.lifeshield.com/	https://www.lifeshield.com/privacy-policy/
313	ilifesmart	http://www.ilifesmart.com/	None
314	lifx	https://www.lifx.com/	https://www.lifx.com/pages/privacy-policy
315	lighteu	https://lighteu.de/?lang=en	None
316	lightwaverf	https://lightwaverf.com/	https://lightwaverf.com/pages/privacy-policy
317	lingansmart	http://www.lingansmart.com/?_l=en	None
318	link2home	https://www.link2home.com/	https://www.link2home.com/data-privacy
319	linkdesk	https://www.linkdesk.com/	https://www.linkdesk.com/privacy-policy/
320	linksys	https://www.linksys.com/us/	https://www.linksys.com/us/privacy-policy/
321	linn	https://www.linn.co.uk/	https://www.linn.co.uk/privacy
322	litakeled	https://www.litakeled.com/	https://www.litakeled.com/policies/privacy-policy
323	litter-robot	https://www.litter-robot.com/	https://www.litter-robot.com/legal.html
324	livisi	https://www.livisi.de/en/	https://www.livisi.de/de/datenschutz/
325	lockitron	http://lockitron.com/	http://lockitron.com/privacy
327	lohas-led	https://www.lohas-led.com/	None
328	ilombex	https://www.ilombex.com/	https://www.ilombex.com/pages/privacy-policy
329	lorextechnology	https://www.lorextechnology.com/	https://www.lorextechnology.com/policies/privacy-policy/R-sc2500030
330	luffanet	https://www.luffanet.com/	https://www.luffanet.com/cloudPrivacyPolicy.html
331	luftdaten	https://luftdaten.info/en/home-en/	https://luftdaten.info/datenschutzerklaerung/
332	lumary	http://www.lumary.tech/	None
333	lumenty	https://www.lumenty.com/	https://www.lumenty.com/privacy-policy
334	lutron	http://www.lutron.com/en-US/pages/default.aspx	http://www.lutron.com/PrivacyPolicy
335	luxproducts	https://www.luxproducts.com/	https://www.luxproducts.com/Privacy
336	magiclightbulbs	https://www.magiclightbulbs.com/	https://www.magiclightbulbs.com/pages/privacy-policy
337	makihome	https://makihome.vn:443/	https://makihome.vn/home/dieu-khoan-chinh-sach/
338	mansaa	https://www.mansaa.io/	https://www.mansaa.io/app-privacy-policy/
339	manything	https://manything.com/	https://manything.com/privacy.html
340	markevina	https://markevina.en.made-in-china.com/	https://www.made-in-china.com/help/policy/
341	tmmatrix	http://www.tmmatrix.com/	None
342	smart-home-max	https://smart-home-max.com/	https://smart-home-max.com/privacy-policy
343	maxonar	https://maxonar.com/	None
344	mediola	https://www.mediola.com/	https://www.mediola.com/datenschutzrichtlinien
345	melcloud	http://www.melcloud.com/	http://emea.mitsubishielectric.com/en/utilities/privacy/index.page
346	meraki	https://meraki.cisco.com/	https://meraki.cisco.com/support/#policies:privacy
347	mercatorsmart	https://mercatorsmart.com/	https://mercatorsmart.com/privacy-policy/
348	meross	https://www.meross.com:443/	http://meross-static.s3.amazonaws.com/production/h5/feedback/meross/privacy_policy.html?appLanguage=en
349	meshsmart	http://meshsmart.com/	None
350	meshare	https://www.meshare.com/	https://www.meshare.com/privacy-policy/
351	mesmart	http://mesmart.cc/	http://mesmart.cc/html/legal.html
352	micronature	http://www.micronature.cn/	None
353	mieleusa	https://www.mieleusa.com/	https://www.mieleusa.com/domestic/privacy-policy-3762.htm
354	glow-worm	https://www.glow-worm.co.uk/homeowner/products/migo-personal-heating-assistant-23104.html	https://www.glow-worm.co.uk/about-us/privacy-policy/
355	mihome4u	https://mihome4u.co.uk/	None
356	milight	https://www.milight.com/	https://www.milight.com/privacy-policy/
357	millheat	https://www.millheat.com/	None
358	minut	https://www.minut.com/	https://www.minut.com/service/privacy-policy
359	misfit	https://www.misfit.com/	https://help.misfit.com/hc/en-us/articles/360026223532-Privacy-Policy
360	mobilinc	http://mobilinc.com/	None
361	mobvoi	https://www.mobvoi.com/	https://www.mobvoi.com/pages/privacy-policy
362	moen	https://www.moen.com/	https://www.moen.com/privacy-policy
363	momax	http://www.momax.net/	http://www.momax.net/privacy-policy
364	momentumcam	https://momentumcam.com/	https://momentumcam.com/pages/online-privacy-policy
365	moodo	https://moodo.co/	https://moodo.co/privacy-policy/
366	mydlink	http://www.mydlink.com/	https://www.mydlink.com/privacyPolicy
367	myq	https://www.myq.com/	https://www.myq.com/privacy-policy
368	mystrom	https://www.mystrom.ch/	https://mystrom.ch/privacy-policy/
369	myuplink	https://myuplink.com/	https://myuplink.com/legal/privacy-policy-step-1/en
370	nadelectronics	https://nadelectronics.com/	https://mailchimp.com/legal/
371	tzumi	https://tzumi.com/	None
372	nanoleaf	https://nanoleaf.me/en/	https://nanoleaf.me/en/contact-us/privacy/
373	neatorobotics	https://www.neatorobotics.com/	https://www.neatorobotics.com/privacy-policy/
374	nello	https://www.nello.io/en/smart-home	https://www.nello.io/en/privacy
375	neosmartblinds	http://neosmartblinds.com/	http://neosmartblinds.com/legal-terms/
376	neocontrolglobal	https://neocontrolglobal.com/	https://neocontrolglobal.com/privacy/
377	voltronelectrical	https://www.voltronelectrical.com.au/nero-smart-home/	None
378	nesscorporation	http://nesscorporation.com/	http://nesscorporation.com/privacy-policy/
379	nest	https://nest.com/	https://nest.com/privacy/
380	netatmo	https://www.netatmo.com/en-us	https://view.netatmo.com/fr/legals/app?gsc=true&goto=legal-mentions#element15
381	nethome-plus	https://nethome-plus.en.aptoide.com/	http://www.carrier.com/carrier/en/fr/privacy-notice/
382	netrohome	http://www.netrohome.com/	None
383	netvue	https://www.netvue.com/	None
384	neu-smart	https://neu-smart.com/	None
385	nexete	http://nexete.com/	None
386	nexiahome	https://www.nexiahome.com/	https://www.nexiahome.com/privacy-policy
387	getnexx	https://getnexx.com/	https://getnexx.com/policies/privacy-policy
388	nibeuplink	http://www.nibeuplink.com/	None
389	nightowlsp	https://nightowlsp.com/	None
390	nordlux	https://www.nordlux.com/	https://www.nordlux.com/privacy-policy-(en)
391	nortek	https://www.nortek.com/	None
392	noushouse	https://www.noushouse.com.au/	None
393	novolinkinc	https://www.novolinkinc.com/	None
394	ntonpower	https://www.ntonpower.com/	https://www.ntonpower.com/pages/privacy-policy
395	nuheat	https://www.nuheat.com/	https://www.nvent.com/en-us/privacy-policy.html
396	nuki	https://nuki.io/en/	https://nuki.io/en/service/privacy/
397	nxeco	http://www.nxeco.com/	http://www.nxeco.com/sales-terms.html
398	oakter	http://oakter.com/	http://oakter.com/home_automation_policy_oakter.php
399	odsif	https://www.odsif.dk/en/index.php	None
400	ogemray	http://en.ogemray.com/index.html	None
401	ohmie	https://www.ohmie.co/	None
402	okashasmart	https://okashasmart.com/	https://okashasmart.com/privacypolicy
403	onkyousa	https://www.onkyousa.com/	https://www.onkyousa.com/privacy-policy/
404	ooma	https://www.ooma.com/	https://www.ooma.com/legal/privacy-policy/
405	openalpr	https://www.openalpr.com/	https://www.openalpr.com/privacy-policy.html
406	openenergymonitor	https://openenergymonitor.org/	None
407	opengarage	https://opengarage.io/	None
408	openhab	https://www.openhab.org/	https://www.openhab.org/privacy.html
409	openmotics	https://www.openmotics.com/?lang=en	https://www.openmotics.com/privacy/?lang=en
410	opensprinkler	https://opensprinkler.com/	None
411	optoma	https://www.optoma.com/us/	https://www.optoma.com/privacy-policy/
412	orbnext	http://orbnext.mystrikingly.com/	None
413	orvibo	https://www.orvibo.com/	https://www.orvibo.com/en/privacy_policy.pdf
414	owletcare	https://owletcare.com/	https://owletcare.com/pages/privacy
415	ozaas	https://www.ozaas.com/	https://www.ozaas.com/privacy-policy.html
416	ozom	https://ozom.com/en/home.html	None
417	aircon	https://aircon.panasonic.com/top.html	https://www.panasonic.com/global/privacy-policy.html
418	pavlok	https://pavlok.com/	https://pavlok.com/privacy-policy?_ga=2.34917346.2120067476.1523256618-521774167.1521783744
419	pebblebee	https://pebblebee.com/	https://pebblebee.com/pages/privacy-policy
420	perenio	https://perenio.com/	https://perenio.com/privacy-policy
421	pert	http://www.pert.me/	http://www.pert.me/privacy-policy/
422	petcube	https://petcube.com/	https://petcube.com/docs/privacy-policy/
423	petnet	https://www.petnet.io/	None
424	petoneer	https://www.petoneer.com/	https://www.petoneer.com/pact/privacy-policy/en
425	phc-toys	https://phc-toys.com/	None
426	usa	https://www.usa.lighting.philips.com/consumer/smart-lighting4	https://www.usa.lighting.philips.com/privacy-notice
427	phnix-e	https://www.phnix-e.com/	None
428	phyn	https://www.phyn.com/	https://www.phyn.com/privacy-policy/
429	physen	https://physen.net/	https://physen.net/pages/privacy-policy
430	picostone	https://www.picostone.com/	None
431	pingbells	http://www.pingbells.com/	None
432	pioneerelectronics	https://www.pioneerelectronics.com/PUSA/	https://www.pioneerelectronics.com/PUSA/AboutPioneer/Privacy-Policy
433	plejd	https://www.plejd.com/en	https://www.plejd.com/privacy-policy
434	plugwise	https://www.plugwise.com/en_US/	http://www.plugwise.com/nl_NL/privacy
435	plusminus	https://plusminus.ai/	
436	poersmart	https://www.poersmart.com/	https://www.poersmart.com/
437	propellerhealth	https://www.propellerhealth.com/	https://www.propellerhealth.com/privacy-policy
438	purei9	https://purei9.com/	https://purei9.com/policies/privacy-policy
439	qcenz	http://www.qcenz.com/	http://www.qcenz.com/privacy-policy/
440	rachio	https://www.rachio.com/	https://www.rachio.com/privacy-policy/
441	rainmachine	http://www.rainmachine.com/	https://www.rainmachine.com/privacy/
442	realknx	https://realknx.com/en/meet-realknx/	None
443	remootio	https://remootio.com	http://remootio.com/privacypolicy.html
444	renpho	https://renpho.com/	https://renpho.com/pages/renpho-privacy-policy
445	reolink	https://reolink.com/	https://reolink.com/privacy-policy/
446	restperformance	https://restperformance.com/	None
447	revogi	https://www.revogi.com/	https://www.revogi.com/support/privacy-policy
448	ring	https://ring.com/	https://ring.com/privacy
449	sinopetech	https://www.sinopetech.com/us/	None
450	roborock	https://en.roborock.com/	None
451	roku	https://www.roku.com/	https://docs.roku.com/published/userprivacypolicy/en/us
452	myroome	http://en.myroome.com/	None
453	getroost	https://www.getroost.com/	https://www.getroost.com/privacy
454	rubetek	https://www.rubetek.design/	None
455	samsung	https://www.samsung.com/us/	https://www.samsung.com/us/account/privacy-policy/
456	satco	http://www.satco.com/	http://www.satco.com/privacy-policy
457	schlage	https://www.schlage.com/en/home.html	mailto:dataprivacy@allegion.com
458	sciener	https://www.sciener.my/	https://www.sciener.my/legal/privacy-policy/
459	scoutalarm	https://www.scoutalarm.com/	https://www.scoutalarm.com/pages/legal/privacy-policy
460	scrypted	https://scrypted.app/	None
461	seneye	https://www.seneye.com/	None
462	us	https://us.sengled.com/	https://us.sengled.com/pages/privacy-policy
463	sensative	https://sensative.com/	https://sensative.com/privacy-policy/
464	sense	https://sense.com/	https://sense.com/privacy
465	sensi	https://sensi.emerson.com/en-us	https://www.emerson.com/en-us/privacy-notice
466	sensibo	https://sensibo.com/	https://sensibo.com/pages/privacy-policy
467	sensinova	https://www.sensinova.in/	None
468	senville	https://senville.com/	None
469	sharkclean	https://www.sharkclean.com/	https://www.sharkclean.com/privacy-policy/
470	shelly	https://shelly.cloud/	https://shelly.cloud/privacy-policy/
471	silvan	http://www.silvan.co.in/	None
472	simcam	https://www.simcam.ai/	https://www.simcam.ai/simcam-privacy
473	simplehuman	https://www.simplehuman.com/	https://www.simplehuman.com/privacy-policy/
474	simplisafe	https://simplisafe.com:443/	https://simplisafe.com:443/privacy
475	mysimplysmarthome	https://www.mysimplysmarthome.com/	https://www.mysimplysmarthome.com/privacy-policy/
476	simpnic	https://simpnic.com/	None
477	skydrop	https://www.skydrop.com/	https://www.skydrop.com/privacy/
478	sleepace	http://www.sleepace.com/	http://www.sleepace.com/privacy.html
479	sleepnumber	https://www.sleepnumber.com/sleepiq-sleep-tracker	https://www.sleepnumber.com/legal-notices/privacy-policy
480	smanos	https://www.smanos.com/	https://www.smanos.com/Privacy_pc
481	smappee	https://www.smappee.com/us/homepage?l=en_US	https://www.smappee.com/be_en/privacy
482	smartap-tech	https://smartap-tech.com/	https://smartap-tech.com/wp-content/uploads/2018/02/SMARTAP-A.Y-LTD.-PRIVACY-POLICY-Final-4.2.18.pdf
483	smarteefi	https://www.smarteefi.com/index.php	None
484	smartenit	https://smartenit.com/	https://smartenit.com/privacy-policy/
485	smarter	https://www.smarter.am/	https://www.smarter.am/terms-condition
486	smarthab	https://www.smarthab.fr/index.php/home-en/	None
487	smartiblue	https://www.smartiblue.us/	https://www.smartiblue.us/terms-and-privacy-policy/
488	smartnode	https://smartnode.in/	https://smartnode.in/privacy-policy
489	smartrent	https://smartrent.com/	https://smartrent.com/privacy/
490	smartthings	https://www.smartthings.com/	https://www.smartthings.com/privacy
492	solaredge	https://www.solaredge.com/us/	https://www.solaredge.com/privacy-policy
493	solargaps	https://solargaps.com/	https://solargaps.com/privacy-policy
494	somasmarthome	https://www.somasmarthome.com/	https://www.iubenda.com/privacy-policy/32260444
495	somfy	https://www.somfy.com.lb/en-lb/	https://www.somfy.com.lb/en-lb/privacy-policy
496	sonoff	https://sonoff.tech/	https://sonoff.tech/privacy-policy
497	sonos	https://www.sonos.com/en-us/home	https://www.sonos.com/en-us/legal/privacy
498	sony	https://www.sony.com/regional/smart-home	https://www.sony.com/en_us/SCA/privacy-policy.html
499	sowee	https://www.sowee.fr/	None
500	spikingnet	http://spikingnet.com/	http://spikingnet.com/?page_id=286
501	spline	https://spline.ch/	None
502	myspotcam	https://www.myspotcam.com/en	https://www.myspotcam.com/en/welcome/privacy/
503	starlinghome	https://www.starlinghome.io/	None
504	sansistellar	http://www.sansistellar.com/	None
505	stelpro	http://www.stelpro.com/en-CA	http://www.stelpro.com/en-CA/maestro-privacy-statement
506	stirlingappliances	https://stirlingappliances.com.au/	https://stirlingappliances.com.au/privacy-policy/
507	strava	https://www.strava.com/	https://www.strava.com/legal/privacy
508	suavinex	https://www.suavinex.com/	https://www.suavinex.com/politica-de-privacidad
509	supacell	https://www.supacell.eu.com/	http://www.supacell.eu.com/led/privacy-policy/
510	supla	https://www.supla.org/en/	None
511	sureuniversal	https://www.sureuniversal.com/	https://www.sureuniversal.com/privacy-policy/
512	swidget	https://www.swidget.com/	https://swidget.com/privacy-policy/
513	switchbee	https://www.switchbee.com/	https://www.switchbee.com/privacy-information-security-policy/
514	consumer	https://consumer.sylvania.com/	https://consumer.sylvania.com/about-us/privacy-policy/index.jsp
515	symcon	https://www.symcon.de/en/	https://www.symcon.de/en/privacy-policy/
516	syska	https://syska.co.in/	https://syska.co.in/privacy-policy
517	t2fi	https://t2fi.com/	https://t2fi.com/privacy-policy
518	tado	https://www.tado.com/us/	https://www.tado.com/us/privacy-policies
519	tapo	https://www.tapo.com/us/	https://www.tapo.com/us/privacy/
520	tatung	http://www.tatung.com/	http://www.tatung.com.tw/b5/privacy-cookie-en.html
521	tclusa	https://www.tclusa.com/	https://www.tclusa.com/footer/about-us/terms-privacy
522	tcpsmart	https://www.tcpsmart.eu/	https://www.tcpsmart.eu/technical-consumer-products-privacy-policy/
523	gettecla	https://gettecla.com/	https://gettecla.com/pages/privacy-policy
524	ubiant	https://www.ubiant.com/en/	None
525	tellur	https://www.tellur.com/	https://www.tellur.com/privacy-policy/
526	thermosmart	https://www.thermosmart.com/	https://www.thermosmart.com/privacy-statement/
527	thinka	https://thinka.eu/en/thinka-for-knx.html	https://thinka.eu/en/privacy-statement.html
528	tibber	https://tibber.com/en	None
529	tikteck	https://www.tikteck.com/	None
530	thetileapp	https://www.thetileapp.com/	https://www.thetileapp.com/en-us/privacy-policy
531	topgreener	https://www.topgreener.com/	https://www.topgreener.com/privacy
532	toshiba-lifestyle	https://www.toshiba-lifestyle.com/jp/	https://www.toshiba-lifestyle.co.jp/privacy/?_ga=2.28383546.763465959.1580475355-1634051829.1580475355
533	thetrackr	https://www.thetrackr.com/	https://www.thetrackr.com/privacy-policy/
534	mytracmo	http://mytracmo.com/	https://mytracmo.com/privacy-policy/
535	traegergrills	https://www.traegergrills.com/	https://www.traegergrills.com/privacy-policy
536	trust	https://www.trust.com/en/	https://www.trust.com/en/legal/privacy
537	tuya	https://en.tuya.com/	https://auth.tuya.com/privacy?from=http%3A%2F%2Fiot.tuya.com%2F
538	twinkly	https://twinkly.com/	https://twinkly.com/privacy-policy/
539	u-tec	https://www.u-tec.com:443/	https://www.u-tec.com:443/company/privacy.html
540	ubibot	https://www.ubibot.io/	https://www.ubibot.io/privacy/
541	uhooair	https://uhooair.com/	https://uhooair.com/legal/privacy-policy/
542	ultraloq	https://ultraloq.com/	https://ultraloq.com/privacy-policy/
543	unifi-network	https://unifi-network.ui.com/	https://www.ui.com/legal/privacypolicy/
544	v-tac	https://www.v-tac.eu/	None
545	vektiva	https://vektiva.com/	None
546	veluxusa	https://www.veluxusa.com/	http://www.veluxusa.com/our-company/privacy-policy
547	vemmio	http://vemmio.com/	http://vemmio.com/privacy-policy/
548	venstar	https://venstar.com/	None
549	getvera	https://getvera.com/	https://getvera.com/pages/privacy
550	vesync	http://www.vesync.com/	http://www.vesync.com/privacy-policy
551	viaroom	http://viaroom.com/	None
552	vibesmarthomes	https://www.vibesmarthomes.com/	https://www.vibesmarthomes.com/privacy-policy/
553	vibrosaver	http://shop.vibrosaver.com/	http://shop.vibrosaver.com/pages/privacy-policy
554	vivint	https://www.vivint.com/	https://www.vivint.com/company/policies/privacy
555	vivitar	http://www.vivitar.com/	None
556	vivotek	https://www.vivotek.com/	https://www.vivotek.com/privacy
557	vizio	https://www.vizio.com/en/home	https://www.vizio.com/en/terms/privacy-policy
558	vocolinc	https://www.vocolinc.com/	https://www.vocolinc.com/pages/privacy-policy
559	votion	https://www.votion.io/	None
560	warmup	http://www.warmup.com/	https://www.warmup.com/privacy-policy
561	wasserstein-home	https://wasserstein-home.com/	https://wasserstein-home.com/pages/wasserstein-privacy-policy
562	wbmsmart	https://wbmsmart.com/	https://wbmsmart.com/privacypolicy
563	wemo	https://www.wemo.com/	https://www.wemo.com/privacy-policy/
564	whirlpool	https://www.whirlpool.com/	https://www.whirlpool.com/services/about-us/privacy-statement.html
565	whistle	https://www.whistle.com/	https://www.mars.com/privacy
566	wifiplug	https://wifiplug.co.uk/	https://wifiplug.co.uk/privacy/
567	wink	https://www.wink.com/	https://www.wink.com/legal/
568	wisilica	http://wisilica.com/	https://wisilica.com/privacy-policy.html
569	withings	https://support.withings.com/hc/en-us	https://support.withings.com/hc/categories/115001515388
570	wizconnected	https://www.wizconnected.com/en-US/	https://www.wizconnected.com/en-US/privacy-notice/
571	woostars	http://www.woostars.com/	None
572	wooxhome	https://wooxhome.com/	https://wooxhome.com/privacy-policy-i4
573	wuliangroup	http://www.wuliangroup.com/en/	None
574	wyze	https://wyze.com/	https://wyze.com/privacy-statement-wyze-site
575	xiaomi-mi	https://xiaomi-mi.com/mi-smart-home/	None
576	xingtel	http://www.xingtel.com/	None
577	xoro	https://www.xoro.de/	None
578	yalelock	https://www.yalelock.com/en/yale/com/	https://www.yalelock.com/en/yale/com/menu/privacy-centre/
579	yardian	https://www.yardian.com/	https://www.yardian.com/privacy-policy/
580	yeelight	https://www.yeelight.com/	None
581	yesly	https://yesly.findernet.com/it/	https://yesly.findernet.com/it/privacy-policy/
582	yihonglife	https://www.yihonglife.com/	https://www.yihonglife.com/pages/privacy-policy
583	yonomi	https://www.yonomi.co/	https://www.yonomi.co/privacy-policy
584	yoswit	https://www.yoswit.com/	https://www.yoswit.com/privacy-policy.html
585	zemismart	https://www.zemismart.com/	None
586	zemote	https://www.zemote.in/	https://www.zemote.in/privacy-policy.pdf
587	zenecosystems	https://zenecosystems.com/	https://zenecosystems.com/privacy-policy/
588	zengge	http://www.zengge.com/	None
589	zmodo	https://www.zmodo.com/	https://www.zmodo.com/privacy-policy/
590	getzooz	http://www.getzooz.com/	None
591	avatarcontrols	http://www.avatarcontrols.com/	http://www.avatarcontrols.com/index.php?ac=article&at=list&tid=70
592	amcrest	https://amcrest.com/	https://amcrest.com/privacy-policy
593	crestron	https://www.crestron.com/	https://www.crestron.com/en-us/legal/privacy-policy|https://www.crestron.com/legal/crestron-privacy-statement-regarding-internet-data-collection
594	denon	https://usa.denon.com/en-us	https://usa.denon.com/en-us/support/privacy-policy
595	etekcity	https://www.etekcity.com/	https://www.etekcity.com/support/privacypolicy
596	cbyge	https://www.cbyge.com/	https://www.cbyge.com/pages/privacy-policy
597	merkuryinnovations	https://merkuryinnovations.com/brand/merkury/	https://merkuryinnovations.com/privacy/
598	iotton	http://www.iotton.com/	None